Date,PE,PB,ROE,ROA,Price
11/28/2014,5.0314,0.8964,18.9969,1.346,5.26
12/5/2014,5.2524,0.9331,18.9621,1.345,5.48
12/12/2014,5.0753,0.9039,18.9611,1.3486,5.29
12/19/2014,5.1851,0.9202,18.8712,1.3487,5.37
12/26/2014,5.2601,0.9321,18.8409,1.3476,5.46
1/2/2015,5.5342,0.9816,18.9007,1.356,5.77
1/9/2015,5.5055,0.9648,18.6284,1.359,5.73
1/16/2015,5.4622,0.9557,18.6082,1.358,5.68
1/23/2015,5.6236,0.983,18.591,1.358,5.84
1/30/2015,5.3778,0.9379,18.5628,1.358,5.58
2/6/2015,5.392,0.9394,18.5451,1.358,5.61
2/13/2015,5.4243,0.9428,18.5225,1.358,5.65
2/20/2015,5.4631,0.947,18.4769,1.3571,5.68
2/27/2015,5.4518,0.9444,18.4607,1.3572,5.66
3/6/2015,5.2447,0.9052,18.4297,1.3506,5.44
3/13/2015,5.3473,0.9204,18.3769,1.3506,5.55
3/20/2015,5.4544,0.935,18.2585,1.3457,5.69
3/27/2015,5.4051,0.9003,17.6376,1.3162,5.5
4/3/2015,5.7288,0.9509,17.5409,1.3169,5.85
4/10/2015,6.1614,1.0177,17.4502,1.3217,6.27
4/17/2015,6.6536,1.094,17.3168,1.3117,6.79
4/24/2015,6.6433,1.0889,17.3108,1.3112,6.78
5/1/2015,6.6268,1.0784,17.2241,1.3027,6.74
5/8/2015,6.4486,1.0454,17.197,1.3022,6.54
5/15/2015,6.5165,1.0534,17.1365,1.3017,6.61
5/22/2015,6.7014,1.0791,17.1149,1.3011,6.8
5/29/2015,6.6377,1.0677,17.0928,1.3012,6.75
6/5/2015,6.5212,1.0463,17.0438,1.2983,6.62
6/12/2015,6.5939,1.0551,16.9818,1.295,6.68
6/19/2015,6.2544,0.9996,16.9587,1.2944,6.34
6/26/2015,6.5026,1.038,16.9355,1.2939,6.6
7/3/2015,6.1533,0.9738,16.7187,1.2889,6.21
7/10/2015,5.6139,0.8874,16.6949,1.2882,5.66
7/17/2015,5.6583,0.8885,16.5825,1.2829,5.69
7/24/2015,5.5347,0.8661,16.5211,1.279,5.56
7/31/2015,5.3105,0.83,16.4967,1.2782,5.34
8/7/2015,5.3575,0.8362,16.4722,1.2774,5.39
8/14/2015,5.3681,0.8367,16.4376,1.2752,5.25
8/21/2015,5.035,0.7838,16.5772,1.2745,4.93
8/28/2015,4.655,0.7187,16.217,1.2494,4.52
9/4/2015,4.537,0.6956,16.0871,1.2374,4.4
9/11/2015,4.8594,0.7427,16.032,1.2309,4.7
9/18/2015,4.9099,0.7482,15.9885,1.2275,4.75
9/25/2015,4.7041,0.7126,15.9412,1.2259,4.53
10/2/2015,4.7173,0.7133,15.8996,1.2218,4.55
10/9/2015,5.1465,0.7771,15.8714,1.2205,4.98
10/16/2015,5.2307,0.787,15.8431,1.2193,5.04
10/23/2015,5.3261,0.8002,15.8148,1.2181,5.14
10/30/2015,5.1034,0.7656,15.7822,1.213,4.95
11/6/2015,5.0901,0.7564,15.7441,1.2197,4.87
11/13/2015,4.9914,0.7388,15.6631,1.2182,4.75
11/20/2015,5.1346,0.7587,15.6337,1.2167,4.88
11/27/2015,4.9494,0.7295,15.6155,1.2124,4.69
12/4/2015,4.9179,0.7219,15.5362,1.2025,4.65
12/11/2015,4.8094,0.7073,15.517,1.2103,4.52
12/18/2015,5.0177,0.7341,15.4901,1.2069,4.68
12/25/2015,5.1431,0.7511,15.4601,1.2053,4.8
1/1/2016,5.0225,0.7325,15.436,1.204,4.68
1/8/2016,4.7617,0.69,15.2979,1.1886,4.35
1/15/2016,4.393,0.6361,15.2838,1.1882,4.05
1/22/2016,4.2716,0.6163,15.1818,1.1878,3.92
1/29/2016,4.386,0.6323,15.1677,1.1875,4.03
2/5/2016,4.3499,0.6245,15.1674,1.1809,3.99
2/12/2016,4.0801,0.5845,15.097,1.1693,3.73
2/19/2016,4.2619,0.6087,14.9907,1.1623,3.92
2/26/2016,4.2117,0.601,15.0304,1.162,3.87
3/4/2016,4.4434,0.6319,14.9615,1.1617,4.09
3/11/2016,4.5217,0.6383,14.8353,1.1492,4.15
3/18/2016,4.7416,0.6654,14.6647,1.1328,4.33
3/25/2016,4.6575,0.6525,14.6512,1.1325,4.23
4/1/2016,4.6325,0.6452,14.6185,1.14,4.22
4/8/2016,4.5029,0.6255,14.5766,1.1468,4.11
4/15/2016,4.7767,0.6624,14.5679,1.1489,4.35
4/22/2016,4.7318,0.6569,14.4332,1.1524,4.31
4/29/2016,4.6144,0.637,14.3864,1.145,4.21
5/6/2016,4.3757,0.6037,14.3952,1.1403,3.98
5/13/2016,4.2813,0.5883,14.3413,1.1392,3.87
5/20/2016,4.3049,0.5864,14.2015,1.1383,3.87
5/27/2016,4.5414,0.6193,14.1811,1.1369,4.08
6/3/2016,4.6542,0.6339,14.1608,1.1355,4.19
6/10/2016,4.6655,0.6346,14.1322,1.1382,4.19
6/17/2016,4.5954,0.6234,13.9505,1.1312,4.11
6/24/2016,4.855,0.6566,13.9224,1.1273,4.31
7/1/2016,4.8478,0.6547,13.905,1.126,4.29
7/8/2016,4.6978,0.6337,13.8839,1.1247,4.14
7/15/2016,4.9295,0.6645,13.8358,1.1177,4.34
7/22/2016,4.9738,0.6691,13.8145,1.1163,4.39
7/29/2016,4.9349,0.6636,13.8171,1.1149,4.39
8/5/2016,5.0351,0.6773,13.8218,1.1135,4.48
8/12/2016,5.3522,0.7193,13.8288,1.1147,4.79
8/19/2016,5.4959,0.7376,13.8075,1.1131,4.91
8/26/2016,5.5368,0.7436,13.7799,1.1114,4.94
9/2/2016,5.4985,0.7377,13.6986,1.102,4.9
9/9/2016,5.6871,0.7619,13.6743,1.1001,5.06
9/16/2016,5.3615,0.7195,13.7123,1.107,4.82
9/23/2016,5.4843,0.7258,13.6548,1.1015,4.88
9/30/2016,5.453,0.7196,13.628,1.0995,4.85
10/7/2016,5.6225,0.743,13.6832,1.1002,5
10/14/2016,5.3278,0.7034,13.6773,1.1013,4.72
10/21/2016,5.3396,0.7064,13.6688,1.1017,4.72
10/28/2016,5.2664,0.6954,13.6144,1.0996,4.63
11/4/2016,5.2638,0.6921,13.6249,1.1022,4.65
11/11/2016,5.2414,0.688,13.6003,1.1001,4.6
11/18/2016,5.1659,0.677,13.5757,1.0979,4.48
11/25/2016,5.404,0.7073,13.5511,1.0958,4.67
12/2/2016,5.4401,0.7137,13.6153,1.1121,4.75
12/9/2016,5.58,0.7309,13.5917,1.1103,4.85
12/16/2016,5.2971,0.6926,13.5682,1.1085,4.57
12/23/2016,5.1945,0.6773,13.4963,1.097,4.49
12/30/2016,5.3769,0.7,13.472,1.095,4.65
1/6/2017,5.434,0.7069,13.5414,1.1026,4.73
1/13/2017,5.4423,0.7069,13.5288,1.1022,4.77
1/20/2017,5.3642,0.6919,13.4965,1.0978,4.71
1/27/2017,5.4616,0.703,13.5019,1.0975,4.78
2/3/2017,5.3183,0.6845,13.4415,1.0973,4.7
2/10/2017,5.5344,0.7112,13.4282,1.0969,4.86
2/17/2017,5.7432,0.7373,13.4276,1.0966,5.06
2/24/2017,5.7977,0.7471,13.4275,1.0993,5.14
3/3/2017,5.5838,0.7189,13.4316,1.0993,4.93
3/10/2017,5.5545,0.7181,13.4205,1.0994,4.91
3/17/2017,5.8175,0.7525,13.4093,1.0994,5.16
3/24/2017,5.7832,0.7499,13.41,1.0995,5.16
3/31/2017,5.6496,0.7368,13.5382,1.1098,5.08
4/7/2017,5.5634,0.7313,13.6462,1.1148,5.01
4/14/2017,5.5656,0.7278,13.61,1.1137,5.02
4/21/2017,5.491,0.7195,13.682,1.1189,4.96
4/28/2017,5.6175,0.7348,13.6683,1.1185,5.08
5/5/2017,5.509,0.7155,13.6234,1.1127,4.96
5/12/2017,5.6471,0.7319,13.6339,1.1113,5.08
5/19/2017,5.6227,0.7272,13.5933,1.1093,5.07
5/26/2017,5.7358,0.7402,13.5963,1.1077,5.19
6/2/2017,5.9234,0.7635,13.5831,1.1048,5.4
6/9/2017,5.7021,0.734,13.5737,1.1044,5.22
6/16/2017,5.6695,0.7289,13.5577,1.1039,5.19
6/23/2017,5.6862,0.7315,13.5498,1.1025,5.2
6/30/2017,5.7122,0.7351,13.5115,1.0945,5.27
7/7/2017,5.3052,0.6819,13.4973,1.0914,4.88
7/14/2017,5.7015,0.7321,13.4932,1.0908,5.27
7/21/2017,5.7645,0.7413,13.4928,1.0917,5.36
7/28/2017,5.8287,0.7476,13.4325,1.0925,5.42
8/4/2017,6.0306,0.7736,13.4227,1.0907,5.63
8/11/2017,5.6257,0.721,13.4094,1.093,5.3
8/18/2017,5.8153,0.7445,13.4032,1.0929,5.48
8/25/2017,6.3003,0.8057,13.3923,1.0923,5.96
9/1/2017,5.9576,0.7711,13.6113,1.1186,5.8
9/8/2017,5.9023,0.765,13.5877,1.1183,5.82
9/15/2017,5.8385,0.7575,13.577,1.118,5.73
9/22/2017,5.9694,0.7761,13.6043,1.119,5.84
9/29/2017,5.9513,0.7749,13.5938,1.1187,5.8
10/6/2017,6.5491,0.8525,13.6368,1.1185,6.38
10/13/2017,6.4597,0.8403,13.627,1.1182,6.37
10/20/2017,6.43,0.8356,13.6093,1.1179,6.3
10/27/2017,6.5463,0.8501,13.5997,1.1176,6.39
11/3/2017,6.3438,0.8286,13.6844,1.1225,6.25
11/10/2017,6.3013,0.8226,13.6757,1.1223,6.2
11/17/2017,6.25,0.8154,13.667,1.1222,6.19
11/24/2017,6.2488,0.8152,13.6509,1.122,6.23
12/1/2017,6.0859,0.7935,13.6413,1.1218,6.08
12/8/2017,5.9432,0.7736,13.6059,1.1216,5.9
12/15/2017,6.1579,0.801,13.5963,1.1214,6.14
12/22/2017,6.2495,0.8125,13.5954,1.1232,6.28
12/29/2017,6.1998,0.8053,13.586,1.123,6.29
1/5/2018,6.4287,0.8361,13.5929,1.123,6.56
1/12/2018,6.4559,0.8401,13.62,1.1263,6.64
1/19/2018,6.7004,0.8997,13.5756,1.1249,7.19
1/26/2018,6.9618,0.9058,13.5906,1.1345,7.34
2/2/2018,6.9463,0.906,13.6445,1.1363,7.39
2/9/2018,6.1239,0.7989,13.6396,1.1363,6.53
2/16/2018,6.5645,0.8598,13.7259,1.1417,6.99
2/23/2018,6.5811,0.8623,13.7127,1.142,7.03
3/2/2018,6.2291,0.817,13.7324,1.1422,6.67
3/9/2018,6.388,0.8404,13.7478,1.1399,6.88
3/16/2018,6.4066,0.8427,13.7434,1.1401,6.92
3/23/2018,6.1262,0.8057,13.7027,1.1403,6.65
3/30/2018,6.1242,0.8184,13.9659,1.1494,6.73
4/6/2018,6.0362,0.8057,13.9558,1.1441,6.63
4/13/2018,6.1768,0.8233,13.9277,1.1457,6.82
4/20/2018,6.134,0.8174,13.9214,1.1463,6.77
4/27/2018,6.16,0.8225,13.9194,1.147,6.78
5/4/2018,6.1433,0.8158,13.8706,1.141,6.69
5/11/2018,6.2531,0.8313,13.8802,1.1404,6.85
5/18/2018,6.2002,0.824,13.8776,1.1411,6.75
5/25/2018,6.0562,0.8075,13.8792,1.1424,6.62
6/1/2018,5.9792,0.7971,13.8757,1.1431,6.51
6/8/2018,6.0258,0.8038,13.8718,1.1472,6.59
6/15/2018,5.7901,0.7717,13.87,1.1479,6.33
6/22/2018,5.5785,0.7448,13.8946,1.1487,6.03
6/29/2018,5.5173,0.7358,13.8779,1.1484,5.87
7/6/2018,5.2077,0.6942,13.8723,1.1495,5.53
7/13/2018,5.3512,0.7125,13.8702,1.1502,5.61
7/20/2018,5.3393,0.7097,13.8291,1.1472,5.56
7/27/2018,5.6124,0.7459,13.8268,1.1478,5.82
8/3/2018,5.5252,0.7341,13.8235,1.1484,5.71
8/10/2018,5.5942,0.7428,13.8117,1.1467,5.78
8/17/2018,5.4579,0.723,13.7644,1.1391,5.62
8/24/2018,5.5162,0.7301,13.7583,1.1409,5.73
8/31/2018,5.5593,0.7398,13.866,1.1521,5.78
9/7/2018,5.4209,0.7229,13.8726,1.1557,5.64
9/14/2018,5.3029,0.7045,13.8724,1.1564,5.49
9/21/2018,5.5637,0.7377,13.87,1.157,5.74
9/28/2018,5.5712,0.7333,13.7973,1.1454,5.72
10/5/2018,5.1865,0.6828,13.7945,1.1459,5.34
10/12/2018,5.1506,0.6779,13.7904,1.1464,5.27
10/19/2018,5.106,0.6718,13.784,1.1463,5.23
10/26/2018,5.1387,0.676,13.7811,1.1468,5.26
11/2/2018,5.4414,0.7108,13.6913,1.132,5.56
11/9/2018,5.2758,0.6875,13.6442,1.1188,5.34
11/16/2018,5.3436,0.6961,13.6349,1.1189,5.43
11/23/2018,5.3271,0.6942,13.6493,1.1216,5.42
11/30/2018,5.4707,0.7119,13.6442,1.1217,5.56
12/7/2018,5.3451,0.6923,13.5482,1.1019,5.47
12/14/2018,5.4247,0.6993,13.4841,1.1007,5.5
12/21/2018,5.3895,0.6941,13.4493,1.0964,5.48
12/28/2018,5.3541,0.6865,13.3817,1.0951,5.46
1/4/2019,5.4085,0.692,13.3468,1.2177,5.52
1/11/2019,5.4963,0.7034,13.3343,1.2067,5.71
1/18/2019,5.5673,0.709,13.2837,1.1738,5.76
1/25/2019,5.7358,0.7302,13.274,1.1731,5.97
2/1/2019,5.7643,0.7342,13.2914,1.1688,6.02
2/8/2019,5.6794,0.723,13.2849,1.1683,5.94
2/15/2019,5.5803,0.7101,13.2785,1.1678,5.82
2/22/2019,5.6661,0.7206,13.2575,1.1682,5.97
3/1/2019,5.736,0.727,13.1889,1.1592,6.03
3/8/2019,5.5977,0.7091,13.1827,1.1588,5.88
3/15/2019,5.669,0.7178,13.2036,1.1583,5.97
3/22/2019,5.6237,0.7153,13.293,1.1656,5.96
3/29/2019,5.4455,0.6896,13.2102,1.158,5.75
4/5/2019,5.6186,0.7111,13.1869,1.1594,5.94
4/12/2019,5.5401,0.6989,13.139,1.1647,5.87
4/19/2019,5.6863,0.7137,13.032,1.1651,6
4/26/2019,5.6154,0.7009,12.9245,1.1477,5.87
5/3/2019,5.6584,0.7042,12.8788,1.1512,5.91
5/10/2019,5.3606,0.6646,12.8382,1.1508,5.52
5/17/2019,5.4278,0.673,12.8308,1.1503,5.52
5/24/2019,5.5204,0.6822,12.8486,1.1483,5.62
5/31/2019,5.504,0.6798,12.8407,1.1478,5.6
6/7/2019,5.4611,0.6751,12.791,1.1508,5.57
6/14/2019,5.696,0.6976,12.7381,1.0798,5.74
6/21/2019,5.8427,0.7151,12.7306,1.0797,5.93
6/28/2019,5.6106,0.6854,12.7252,1.0796,5.7
7/5/2019,5.4892,0.6705,12.7172,1.0794,5.55
7/12/2019,5.4235,0.662,12.7091,1.0793,5.52
7/19/2019,5.5209,0.6712,12.6356,1.0738,5.58
7/26/2019,5.4458,0.6616,12.6274,1.0735,5.52
8/2/2019,5.1257,0.6223,12.6191,1.0732,5.16
8/9/2019,5.0075,0.6076,12.6311,1.0761,4.98
8/16/2019,4.9686,0.6025,12.6229,1.0759,4.96
8/23/2019,4.9944,0.6047,12.6153,1.0763,4.95
8/30/2019,5.0444,0.6088,12.6076,1.0687,4.95
9/6/2019,5.245,0.6326,12.5884,1.0683,5.18
9/13/2019,5.4944,0.6622,12.6371,1.0654,5.45
9/20/2019,5.3177,0.6402,12.6519,1.0635,5.28
9/27/2019,5.2333,0.6307,12.6445,1.063,5.19
10/4/2019,5.2154,0.6273,12.637,1.0624,5.16
10/11/2019,5.3673,0.6471,12.6326,1.0611,5.37
10/18/2019,5.4222,0.6516,12.6246,1.0606,5.42
10/25/2019,5.5524,0.6662,12.616,1.0599,5.56
11/1/2019,5.6538,0.6805,12.6171,1.0629,5.71
11/8/2019,5.7705,0.6941,12.6095,1.0624,5.86
11/15/2019,5.517,0.6645,12.629,1.0655,5.61
11/22/2019,5.586,0.6721,12.615,1.0651,5.66
11/29/2019,5.4989,0.6617,12.6166,1.0639,5.58
12/6/2019,5.4649,0.6573,12.5715,1.0607,5.55
12/13/2019,5.7009,0.6848,12.5513,1.0573,5.8
12/20/2019,5.893,0.7063,12.5306,1.0568,5.98
12/27/2019,5.8891,0.7067,12.5293,1.0562,6
1/3/2020,5.8782,0.7044,12.5103,1.0539,6
1/10/2020,5.7691,0.6895,12.4342,1.0535,5.93
1/17/2020,5.6861,0.6787,12.4179,1.052,5.89
1/24/2020,5.4466,0.6487,12.4106,1.0516,5.62
1/31/2020,5.0638,0.6034,12.4033,1.0511,5.22
2/7/2020,5.3622,0.6384,12.396,1.0507,5.46
2/14/2020,5.4237,0.6424,12.3543,1.045,5.52
2/21/2020,5.437,0.6435,12.3264,1.0446,5.52
2/28/2020,5.2147,0.6167,12.3195,1.0443,5.33
3/6/2020,5.2109,0.6157,12.3044,1.044,5.36
3/13/2020,5.1525,0.6083,12.2977,1.0437,5.25
3/20/2020,5.13,0.6038,12.2863,1.0423,5.14
3/27/2020,5.2129,0.6125,12.2698,1.042,5.22
4/3/2020,5.1717,0.6003,12.0279,1.0321,5.15
4/10/2020,5.2528,0.6033,11.9685,1.0241,5.21
4/17/2020,5.2015,0.5974,11.9619,1.0233,5.14
4/24/2020,5.1079,0.5878,11.9566,1.0205,5.06
5/1/2020,5.3366,0.6111,11.9212,1.0114,5.27
5/8/2020,5.1661,0.5896,11.9058,1.0136,5.11
5/15/2020,5.0961,0.5813,11.8742,1.0097,5.02
5/22/2020,5.0268,0.5709,11.8094,1.007,4.94
5/29/2020,5.0911,0.5778,11.8021,1.0064,5
6/5/2020,5.2757,0.5991,11.7764,1.0058,5.23
6/12/2020,5.1667,0.5855,11.7821,1.0052,5.12
6/19/2020,5.213,0.5904,11.7749,1.0046,5.18
6/26/2020,4.7858,0.544,11.7544,1.008,4.76
7/3/2020,4.9343,0.5605,11.762,1.0079,4.92
7/10/2020,4.9575,0.5651,11.7318,1.0074,4.99
7/17/2020,4.8176,0.5535,11.7246,1.0069,4.86
7/24/2020,4.6528,0.5342,11.7173,1.0064,4.68
7/31/2020,4.5428,0.5147,11.6732,1.0021,4.58
8/7/2020,4.5141,0.5147,11.6684,1.0004,4.56
8/14/2020,4.6504,0.5271,11.603,0.9852,4.69
8/21/2020,4.5607,0.515,11.5537,0.9755,4.61
8/28/2020,4.4131,0.498,11.5469,0.9747,4.5
9/4/2020,4.3158,0.4735,11.1009,0.9228,4.26
9/11/2020,4.368,0.4767,11.0969,0.919,4.3
9/18/2020,4.2715,0.466,11.0929,0.9188,4.25
9/25/2020,4.0533,0.4404,11.0337,0.9201,3.99
10/2/2020,4.0613,0.4356,11.0297,0.92,4.02
10/9/2020,3.9877,0.4277,11.0257,0.9198,4.01
10/16/2020,4.4127,0.4709,10.9396,0.9197,4.42
10/23/2020,4.7925,0.5127,10.8133,0.9195,4.77
10/30/2020,4.377,0.4682,10.8077,0.9194,4.36
11/6/2020,4.68,0.4996,10.8344,0.9089,4.68
11/13/2020,4.6417,0.4953,10.8408,0.9085,4.65
11/20/2020,4.5176,0.4819,10.8354,0.9081,4.56
11/27/2020,4.8315,0.5152,10.8309,0.9078,4.87
12/4/2020,4.9262,0.5247,10.687,0.9074,4.99
12/11/2020,4.7032,0.494,10.7472,0.9017,4.78
12/18/2020,4.5539,0.4753,10.7382,0.8947,4.6
12/25/2020,4.4824,0.4676,10.7342,0.8943,4.54
1/1/2021,4.9409,0.5182,10.782,0.898,5.03
1/8/2021,4.8376,0.5064,10.8129,0.8965,4.96
1/15/2021,5.0326,0.5305,10.811,0.896,5.16
1/22/2021,4.8996,0.5176,10.8821,0.8954,5.04
1/29/2021,4.7547,0.5047,10.8884,0.8958,4.95
2/5/2021,4.7,0.4987,10.8867,0.8953,4.87
2/12/2021,4.8142,0.5104,10.8851,0.8948,5
2/19/2021,4.8266,0.5118,10.8635,0.8942,5.02
2/26/2021,4.8497,0.5158,10.8836,0.8952,5.06
3/5/2021,5.2317,0.5582,10.8085,0.8949,5.47
3/12/2021,5.2437,0.5594,10.8096,0.8945,5.48
3/19/2021,5.1367,0.5454,10.8314,0.8948,5.4
3/26/2021,5.164,0.55,10.8782,0.8945,5.44
4/2/2021,5.1381,0.5605,11.1523,0.939,5.56
4/9/2021,5.0528,0.553,11.1512,0.9386,5.5
4/16/2021,4.8947,0.5387,11.3455,0.9594,5.44
4/23/2021,4.8617,0.5386,11.2647,0.9612,5.42
4/30/2021,4.4705,0.4991,11.5305,0.9701,5.06
5/7/2021,4.4382,0.4943,11.491,0.9613,5.05
5/14/2021,4.3661,0.4879,11.5154,0.9612,4.99
5/21/2021,4.3419,0.4801,11.401,0.9611,4.96
5/28/2021,4.4077,0.4858,11.398,0.961,5.1
6/4/2021,4.3789,0.4816,11.3194,0.9598,5.04
6/11/2021,4.3723,0.4829,11.3546,0.9594,5.04
6/18/2021,4.4116,0.4873,11.3494,0.9589,5.05
6/25/2021,4.3827,0.4838,11.3442,0.9585,5.02
7/2/2021,3.9749,0.4407,11.336,0.959,4.55
7/9/2021,3.9401,0.4354,11.3309,0.9688,4.5
7/16/2021,3.9214,0.4325,11.3258,0.9686,4.48
7/23/2021,3.87,0.4241,11.3237,0.9682,4.42
7/30/2021,3.767,0.4115,11.3068,0.9643,4.32
8/6/2021,3.7559,0.4089,11.3015,0.9641,4.29
8/13/2021,3.8173,0.4153,11.2962,0.9638,4.37
8/20/2021,3.8035,0.4138,11.3014,0.9635,4.35
8/27/2021,3.7836,0.4104,11.2932,0.9632,4.34
9/3/2021,3.8091,0.4191,11.5437,0.9749,4.41
9/10/2021,3.8507,0.4229,11.5357,0.9746,4.47
9/17/2021,3.7478,0.4125,11.5205,0.9743,4.34
9/24/2021,3.6199,0.3973,11.5132,0.974,4.19
10/1/2021,3.7267,0.4072,11.4797,0.9737,4.33
10/8/2021,3.7556,0.4102,11.4715,0.9735,4.37
10/15/2021,3.7367,0.4073,11.4627,0.9732,4.35
10/22/2021,3.708,0.4036,11.4539,0.9729,4.35
10/29/2021,3.6283,0.3955,11.4451,0.9726,4.26
11/5/2021,3.55,0.3884,11.4192,0.9782,4.19
11/12/2021,3.5997,0.3935,11.4111,0.9779,4.27
11/19/2021,3.5911,0.3923,11.4193,0.9776,4.26
11/26/2021,3.5281,0.3851,11.3926,0.9773,4.19
12/3/2021,3.6591,0.4,11.4823,0.9712,4.36
12/10/2021,3.6326,0.3968,11.4735,0.9709,4.34
12/17/2021,3.5602,0.3918,11.4663,0.9706,4.29
12/24/2021,3.6237,0.397,11.5273,0.9743,4.38
12/31/2021,3.6302,0.3956,11.429,0.969,4.4
1/7/2022,3.7891,0.4126,11.4071,0.9613,4.57
1/14/2022,3.9036,0.4254,11.4167,0.9604,4.71
1/21/2022,3.8768,0.4234,11.4608,0.9646,4.7
1/28/2022,3.8655,0.422,11.4577,0.9648,4.68
2/4/2022,3.9395,0.4305,11.4546,0.965,4.78
2/11/2022,4.0481,0.4422,11.433,0.9652,4.93
2/18/2022,3.9048,0.4275,11.4593,0.9683,4.79
2/25/2022,3.7241,0.4058,11.458,0.9639,4.58
3/4/2022,3.7501,0.4085,11.455,0.964,4.62
3/11/2022,3.7057,0.4051,11.4751,0.9642,4.58
3/18/2022,3.7562,0.4106,11.4729,0.9643,4.63
3/25/2022,3.8004,0.4152,11.4707,0.9644,4.69
4/1/2022,3.8767,0.4286,11.41,0.9722,4.84
4/8/2022,3.8186,0.4222,11.4564,0.9803,4.78
4/15/2022,3.7946,0.4177,11.4234,0.984,4.75
4/22/2022,3.836,0.4224,11.4295,0.9892,4.72
4/29/2022,3.9105,0.4302,11.4271,0.989,4.74
5/6/2022,3.8027,0.4203,11.5035,0.9883,4.58
5/13/2022,3.8492,0.4268,11.519,0.9987,4.57
5/20/2022,3.8569,0.4291,11.545,0.9993,4.65
5/27/2022,3.8968,0.4334,11.5428,0.9992,4.7
6/3/2022,3.8391,0.4261,11.5215,0.9942,4.65
6/10/2022,3.7769,0.4192,11.5188,0.994,4.55
6/17/2022,3.7329,0.4144,11.516,0.9938,4.5
6/24/2022,3.7404,0.4148,11.5133,0.9937,4.53
7/1/2022,3.8331,0.4285,11.53,0.999,4.66
7/8/2022,3.5177,0.3946,11.5775,0.9988,4.28
7/15/2022,3.322,0.3725,11.575,0.9985,4.01
7/22/2022,3.3806,0.379,11.6577,0.9983,4.09
7/29/2022,3.4221,0.3836,11.6549,0.9981,4.15
8/5/2022,3.3888,0.3794,11.5588,0.9991,4.1
8/12/2022,3.3966,0.3801,11.5558,0.9988,4.12
8/19/2022,3.381,0.3772,11.5126,0.9955,4.05
8/26/2022,3.3916,0.3788,11.5292,0.9967,4.04
9/2/2022,3.3667,0.3673,11.4272,0.9742,3.94
9/9/2022,3.3756,0.3688,11.3462,0.9678,3.92
9/16/2022,3.3881,0.3668,11.3186,0.9675,3.87
9/23/2022,3.4085,0.3688,11.3147,0.9671,3.82
9/30/2022,3.2745,0.3542,11.3108,0.9668,3.68
10/7/2022,3.3335,0.3605,11.3068,0.9664,3.75
10/14/2022,3.2403,0.3502,11.3029,0.966,3.61
10/21/2022,3.3534,0.3623,11.299,0.9657,3.72
10/28/2022,3.2673,0.3512,11.242,0.959,3.6
11/4/2022,3.1172,0.3366,11.2231,0.9562,3.49
11/11/2022,3.2935,0.355,11.1007,0.9417,3.73
11/18/2022,3.2536,0.3504,11.0938,0.9408,3.67
11/25/2022,3.4346,0.3697,11.0868,0.94,3.85
12/2/2022,3.3665,0.3622,11.0804,0.9392,3.82
12/9/2022,3.3722,0.3631,11.1144,0.9432,3.89
12/16/2022,3.3213,0.3587,11.108,0.9425,3.84
12/23/2022,3.338,0.3587,11.1015,0.9417,3.85
12/30/2022,3.4378,0.3692,11.095,0.941,4.02
1/6/2023,3.4897,0.3749,11.0909,0.9406,4.13
1/13/2023,3.483,0.3738,11.0712,0.9372,4.2
1/20/2023,3.4971,0.3797,11.1311,0.9398,4.22
1/27/2023,3.5578,0.3867,11.1278,0.9395,4.3
2/3/2023,3.3617,0.3653,11.1246,0.9391,4.08
2/10/2023,3.3708,0.3626,11.1621,0.9387,4.04
2/17/2023,3.3626,0.3616,11.1591,0.9383,4
2/24/2023,3.387,0.3647,11.1562,0.9379,3.99
3/3/2023,3.4481,0.3712,11.1532,0.9375,4.1
3/10/2023,3.4143,0.3674,11.1502,0.9372,4.06
3/17/2023,3.5747,0.3825,11.1472,0.9368,4.25
3/24/2023,3.5164,0.3782,11.1442,0.9364,4.22
3/31/2023,3.4993,0.3717,11.1353,0.9327,4.18
4/7/2023,3.4822,0.369,11.0645,0.9232,4.15
4/14/2023,3.5295,0.3799,11.1107,0.9215,4.25
4/21/2023,3.545,0.3815,11.1095,0.9212,4.26
4/28/2023,3.5267,0.3782,11.1111,0.9214,4.22
5/5/2023,3.7716,0.4008,10.8982,0.9057,4.47
5/12/2023,3.6929,0.3907,10.8949,0.9053,4.33
5/19/2023,3.8028,0.4025,10.8945,0.9055,4.42
5/26/2023,3.6617,0.3874,10.8911,0.9051,4.23
6/2/2023,3.6349,0.3841,10.8765,0.9048,4.2
6/9/2023,3.774,0.3986,10.8723,0.9044,4.34
6/16/2023,3.6809,0.3872,10.8682,0.9015,4.21
6/23/2023,3.6787,0.3825,10.8956,0.8741,4.13
6/30/2023,3.7547,0.3903,10.892,0.8735,4.18
7/7/2023,3.2292,0.3355,10.8884,0.8729,3.61
7/14/2023,3.2365,0.3363,10.8848,0.8723,3.66
7/21/2023,3.2685,0.3383,10.8898,0.8702,3.66
7/28/2023,3.3343,0.3443,10.7272,0.8592,3.74
8/4/2023,3.2647,0.3352,10.705,0.8571,3.64
8/11/2023,3.2537,0.331,10.6984,0.8588,3.57
8/18/2023,3.1183,0.317,10.6916,0.8575,3.41
8/25/2023,3.1597,0.321,10.6864,0.8568,3.46
9/1/2023,3.2941,0.3324,10.5558,0.8437,3.6
9/8/2023,3.4944,0.3513,10.4809,0.8391,3.77
9/15/2023,3.4986,0.3514,10.4744,0.8381,3.8
9/22/2023,3.5294,0.3532,10.4697,0.8355,3.81
9/29/2023,3.4954,0.3483,10.4668,0.8345,3.77
10/6/2023,3.3354,0.3322,10.4593,0.8335,3.66
10/13/2023,3.5574,0.3555,10.5006,0.8298,3.85
10/20/2023,3.4762,0.347,10.493,0.8288,3.76
10/27/2023,3.5594,0.3551,10.4854,0.8278,3.85
11/3/2023,3.5096,0.3496,10.454,0.8228,3.81
11/10/2023,3.3942,0.3378,10.4159,0.8219,3.68
11/17/2023,3.4256,0.3406,10.4081,0.8209,3.75
11/24/2023,3.4117,0.3407,10.397,0.8199,3.79
12/1/2023,3.3025,0.3295,10.3892,0.8189,3.69
12/8/2023,3.2923,0.3257,10.3789,0.8179,3.63
12/15/2023,3.329,0.3295,10.3752,0.817,3.7
12/22/2023,3.3224,0.3274,10.3146,0.812,3.68
12/29/2023,3.4319,0.338,10.307,0.811,3.82
1/5/2024,3.3927,0.3338,10.4072,0.8105,3.75
1/12/2024,3.3412,0.3285,10.4009,0.8098,3.69
1/19/2024,3.2598,0.3204,10.3947,0.809,3.59
1/26/2024,3.4854,0.3401,10.3884,0.7859,3.82
2/2/2024,3.4705,0.3376,10.3821,0.7842,3.79
2/9/2024,3.5397,0.3408,10.2052,0.786,3.83
2/16/2024,3.6274,0.3495,10.2018,0.7854,3.93
2/23/2024,3.8164,0.3676,10.1984,0.7849,4.14
3/1/2024,3.7278,0.359,10.1951,0.7844,4.05
3/8/2024,3.7215,0.3583,10.1917,0.7856,4.05
3/15/2024,3.6579,0.352,10.1883,0.7851,3.98
3/22/2024,3.6526,0.3514,10.185,0.7846,3.96
3/29/2024,3.6279,0.3479,10.2022,0.7775,3.94
4/5/2024,3.6541,0.3505,10.1943,0.7736,3.97
4/12/2024,3.6675,0.3516,10.1907,0.7726,3.99
4/19/2024,3.7795,0.3619,10.138,0.7687,4.11
4/26/2024,3.8162,0.3655,10.1357,0.7679,4.15
5/3/2024,3.9654,0.377,10.0722,0.7648,4.28
5/10/2024,4.1829,0.3976,10.0666,0.7614,4.53
5/17/2024,4.3574,0.4133,10.0434,0.7607,4.71
5/24/2024,4.3659,0.4101,9.8863,0.7402,4.66
5/31/2024,4.1555,0.385,9.8009,0.7381,4.42
6/7/2024,4.1683,0.3854,9.7931,0.7371,4.42
6/14/2024,4.0961,0.3784,9.7853,0.7362,4.34
6/21/2024,4.2975,0.3942,9.7775,0.7353,4.52
6/28/2024,4.4114,0.4039,9.7696,0.7254,4.64
7/5/2024,4.4655,0.4086,9.7618,0.7244,4.7
7/12/2024,4.247,0.3881,9.754,0.7233,4.48
7/19/2024,4.0368,0.3685,9.7462,0.7297,4.25
7/26/2024,4.0885,0.3722,9.7383,0.7287,4.31
8/2/2024,4.023,0.3685,9.6681,0.725,4.32
8/9/2024,4.0891,0.3741,9.6479,0.7316,4.39
8/16/2024,4.2986,0.3928,9.6333,0.7305,4.62
8/23/2024,4.3678,0.3987,9.6233,0.7295,4.72
8/30/2024,4.1132,0.3769,9.6137,0.7284,4.49
9/6/2024,3.8721,0.3528,9.5666,0.7189,4.21
9/13/2024,3.8839,0.3531,9.5417,0.7178,4.22
9/20/2024,4.0165,0.3647,9.5315,0.7166,4.39
9/27/2024,4.2962,0.3896,9.5213,0.7155,4.71
10/4/2024,4.412,0.3996,9.5111,0.7143,4.83
10/11/2024,4.3131,0.3889,9.501,0.7132,4.67
10/18/2024,4.437,0.3996,9.4908,0.712,4.79
10/25/2024,4.4033,0.3997,9.4397,0.7339,4.74
11/1/2024,4.4039,0.4002,9.4285,0.7343,4.75
11/8/2024,4.551,0.4159,9.4174,0.733,4.87
11/15/2024,4.3103,0.3942,9.4063,0.7316,4.6
11/22/2024,4.3458,0.3934,9.3355,0.7303,4.58
